ğŸ˜©;Polarised modular conglomeration;http://python.beispiel.programmierenlernen.io/img/1.jpg;Optio numquam ut accusantium laborum unde assumenda. Ea et totam asperiores fugiat voluptatem vitae. Et provident nam et mollitia.
ğŸ˜;Cross-group contextually-based middleware;http://python.beispiel.programmierenlernen.io/img/2.jpg;Deleniti atque autem et commodi cupiditate cupiditate. Fuga illum quas aliquam velit. Labore dolor fugit quia id odio nam.
ğŸ˜Œ;De-engineered encompassing structure;http://python.beispiel.programmierenlernen.io/img/3.jpg;Assumenda tempora inventore harum cumque voluptatibus sit et. Et omnis et dolore quod voluptas sit a.
ğŸ˜š;Fully-configurable multi-tasking interface;http://python.beispiel.programmierenlernen.io/img/4.jpg;Cumque unde officia autem quia at fugit. Sint iure veritatis culpa aut provident aliquam in. Eos eum accusantium quia vel dignissimos nesciunt expedita. Rem aut accusantium et tempore.
ğŸ˜ ;Versatile eco-centric core;http://python.beispiel.programmierenlernen.io/img/5.jpg;Delectus distinctio quis omnis ut commodi sed. Beatae officia doloribus consequatur dolore. Consectetur impedit quia voluptas et ut. Incidunt rem mollitia fugiat quia corporis quo. Quod possimus ut et neque deserunt.
ğŸ˜®;Optional maximized utilisation;http://python.beispiel.programmierenlernen.io/img/6.jpg;Consequatur sit deleniti sunt aut ullam eos. Vel ex ut sunt velit provident corporis consequatur. Ea est dolorum ut atque unde. Quasi itaque nihil pariatur.
ğŸ˜¢;Open-architected secondary product;http://python.beispiel.programmierenlernen.io/img/7.jpg;Reiciendis dolor quisquam tempora in. Totam ut distinctio vero. Ullam maiores dolor sunt voluptas.
ğŸ˜ ;Realigned zerotolerance function;http://python.beispiel.programmierenlernen.io/img/8.jpg;Consectetur doloribus sed quia id ex sequi. Accusamus repudiandae esse incidunt sunt minima sapiente quibusdam. Sit eius quasi non eius.
ğŸ˜†;Quality-focused user-facing help-desk;http://python.beispiel.programmierenlernen.io/img/9.jpg;Dolores ipsum tempore quae non corporis neque saepe. Nesciunt ipsam architecto et est. Illo fugit totam molestiae cumque consequatur. Qui veritatis necessitatibus repellendus.
ğŸ˜¤;Proactive user-facing opensystem;http://python.beispiel.programmierenlernen.io/img/10.jpg;Quo recusandae iusto rem officia. Voluptatum placeat omnis nulla eum commodi iusto impedit. Alias qui a beatae commodi ducimus. Quo commodi nemo mollitia quaerat molestiae voluptate animi.
ğŸ˜Ÿ;Decentralized holistic moderator;http://python.beispiel.programmierenlernen.io/img/11.jpg;Et autem voluptas nemo ab non. A error porro est facilis. Amet soluta quasi unde voluptas id magni.
ğŸ˜Œ;Mandatory tangible application;http://python.beispiel.programmierenlernen.io/img/12.jpg;Veniam neque perferendis dolor officia. Quis praesentium et et qui. Esse dicta asperiores doloremque eum facere odio quia. Voluptates odit et officia cumque aut velit quam.
ğŸ˜“;Digitized dedicated budgetarymanagement;http://python.beispiel.programmierenlernen.io/img/13.jpg;Aliquam explicabo eius corporis perferendis. Cumque aperiam perferendis nesciunt et occaecati. Odit quisquam ullam non voluptatibus enim autem reiciendis. Officiis est dignissimos perferendis modi voluptas qui.
ğŸ˜;Organized well-modulated concept;http://python.beispiel.programmierenlernen.io/img/14.jpg;Quidem consequatur sed dolorem fuga. Est doloribus laudantium est blanditiis autem ut. Esse sapiente repellat et dolore minus voluptatem. Omnis dolores ipsam a explicabo et.
ğŸ˜¢;Balanced optimal openarchitecture;http://python.beispiel.programmierenlernen.io/img/15.jpg;Eligendi sint velit dolor et cumque odio. Quia possimus nisi nostrum ullam et. Magnam quia id enim soluta modi quia esse. Sint quae vitae quidem beatae. Perspiciatis aliquam est impedit quis iusto.
ğŸ˜;Universal explicit throughput;http://python.beispiel.programmierenlernen.io/img/16.jpg;Magnam nobis soluta doloremque omnis architecto cum explicabo. Magnam alias tempora numquam sequi omnis tempora. Perferendis labore excepturi molestiae voluptate. Eum nihil ipsum et fuga quasi quidem id.
ğŸ˜³;Polarised mobile algorithm;http://python.beispiel.programmierenlernen.io/img/17.jpg;Repellendus voluptatem impedit quis tempore sed suscipit. Eveniet qui quas optio quos tempora. Nemo sed qui placeat in autem fuga sunt minus.
ğŸ˜š;Mandatory homogeneous infrastructure;http://python.beispiel.programmierenlernen.io/img/18.jpg;Deserunt quas ullam quia. Et voluptatibus accusantium autem in quaerat iure voluptatem. Assumenda dolores quos cum nemo molestias qui quia. Et qui autem repellat aperiam est deserunt.
ğŸ˜²;Business-focused interactive implementation;http://python.beispiel.programmierenlernen.io/img/19.jpg;Corporis eligendi voluptas dolorem sit consequatur ipsum. Aperiam et facere est voluptatem sit ea architecto repudiandae. Praesentium ducimus aperiam amet expedita dolores possimus. At soluta nihil dolor occaecati sint voluptatibus.
ğŸ˜¯;Polarised exuding archive;http://python.beispiel.programmierenlernen.io/img/20.jpg;Tenetur quaerat rerum nihil quo ratione qui molestiae amet. Ducimus occaecati ut sed reprehenderit porro. Sed quia sint ipsam repellendus. Iste libero laborum aspernatur illum ullam et soluta aut.
ğŸ˜µ;Extended homogeneous firmware;http://python.beispiel.programmierenlernen.io/img/21.jpg;Doloribus voluptas nam excepturi quibusdam. Ab esse architecto ut sunt. Non voluptates ex dolorem odit ab quasi.
ğŸ˜‹;Secured transitional capability;http://python.beispiel.programmierenlernen.io/img/22.jpg;Tenetur iusto nobis similique nobis laborum. Hic fuga in quia. Non molestias voluptatem dicta illum. Voluptatem aut repellendus est voluptatem voluptas.
ğŸ˜´;Expanded clear-thinking forecast;http://python.beispiel.programmierenlernen.io/img/23.jpg;Quo reiciendis quo veritatis. Et laboriosam ipsum molestias magni. Ea eveniet vel nihil autem et dignissimos. Ab magni iusto nulla est illo.
ğŸ˜‡;Grass-roots assymetric interface;http://python.beispiel.programmierenlernen.io/img/24.jpg;Itaque assumenda dolore dolor sed iste. Omnis sint sint blanditiis ut omnis. Nulla corporis dolor qui temporibus omnis dignissimos in.
ğŸ˜ˆ;Inverse static service-desk;http://python.beispiel.programmierenlernen.io/img/25.jpg;Eos qui ut eos accusamus sed. Et aut vel neque fuga sit vitae in dicta. Est perspiciatis culpa officia libero.
ğŸ˜;Optional object-oriented toolset;http://python.beispiel.programmierenlernen.io/img/26.jpg;Ad id qui sed odio. Sequi voluptas voluptate provident pariatur doloremque. Dignissimos placeat harum repellendus magni.
ğŸ˜§;Optional stable service-desk;http://python.beispiel.programmierenlernen.io/img/27.jpg;Corrupti in tempore omnis et blanditiis. Tenetur qui qui corrupti nemo. Earum laboriosam dicta nulla sit quia impedit.
ğŸ˜ˆ;Virtual background systemengine;http://python.beispiel.programmierenlernen.io/img/28.jpg;Voluptates sit debitis in eius aut. Odit modi minus impedit. Assumenda et ipsa fuga in cumque. Dignissimos qui qui doloribus consequatur ad. Saepe harum maxime illo nisi.
ğŸ˜¶;Balanced human-resource extranet;http://python.beispiel.programmierenlernen.io/img/29.jpg;Error sit quibusdam ducimus ullam. Dicta exercitationem libero excepturi maiores. Repudiandae provident sapiente cumque dolorem accusantium voluptatem.
ğŸ˜„;Expanded bi-directional encryption;http://python.beispiel.programmierenlernen.io/img/30.jpg;Aspernatur quia consequatur molestiae saepe numquam et. Sed hic blanditiis consequuntur nostrum suscipit non hic. Voluptates sunt labore animi ea aut hic. Saepe quo doloribus eaque aspernatur.
ğŸ˜©;Sharable client-driven groupware;http://python.beispiel.programmierenlernen.io/img/31.jpg;Nemo aut voluptatem unde non. Ducimus voluptates cumque quae earum ipsam. Aut vitae libero veniam nihil reprehenderit.
ğŸ˜¬;Monitored even-keeled initiative;http://python.beispiel.programmierenlernen.io/img/32.jpg;Distinctio quia nihil nam odit qui illum. Eos facilis et cumque maxime quasi veritatis sed.
ğŸ˜ˆ;Inverse maximized benchmark;http://python.beispiel.programmierenlernen.io/img/33.jpg;Nobis dolor magnam alias ut aliquam ea. Qui non sint dolor facere minima. Maiores nostrum et consequatur.
ğŸ˜Š;Front-line full-range help-desk;http://python.beispiel.programmierenlernen.io/img/34.jpg;Sit tenetur aut dolores. Non exercitationem deleniti molestiae qui dolor. Magnam dolores eveniet at neque facilis molestiae quis et. Facere reiciendis porro impedit odio fugit similique consequatur.
ğŸ˜…;Integrated impactful matrices;http://python.beispiel.programmierenlernen.io/img/35.jpg;Similique et et a laudantium. Veritatis quo et exercitationem est. Aut eum nihil non itaque sunt. Illum ea laudantium eum harum et ut.
ğŸ˜„;Cross-platform composite data-warehouse;http://python.beispiel.programmierenlernen.io/img/36.jpg;Labore quia quo iusto incidunt natus. Perferendis consequatur quaerat dolorem quo.
ğŸ˜´;Grass-roots systemic support;http://python.beispiel.programmierenlernen.io/img/37.jpg;Amet recusandae necessitatibus doloremque. Iure harum accusantium nulla pariatur at delectus. Deserunt occaecati voluptas corrupti possimus harum. Officia atque sit magnam nulla voluptate.
ğŸ˜‚;Secured 3rdgeneration intranet;http://python.beispiel.programmierenlernen.io/img/38.jpg;Doloribus labore porro aspernatur blanditiis. Placeat enim culpa consequuntur maiores voluptatum. Ducimus et ad eos et.
ğŸ˜•;Persistent composite firmware;http://python.beispiel.programmierenlernen.io/img/39.jpg;Eius quaerat vel debitis sed. Magnam et optio sit nemo sunt expedita. Qui eum quia qui porro cum delectus.
ğŸ˜Š;Upgradable multimedia benchmark;http://python.beispiel.programmierenlernen.io/img/40.jpg;Eos id quasi qui quo laboriosam eos eos. Sit sint quos deleniti voluptatem vel sint iste. Numquam minima qui dolore. Numquam vero quas repudiandae earum magni.
ğŸ˜¦;Organized fresh-thinking utilisation;http://python.beispiel.programmierenlernen.io/img/41.jpg;Laborum in id voluptatibus beatae non. Optio voluptates et eligendi veniam voluptas in suscipit. Quae numquam et ut sed. Velit fugit aut tenetur consequatur. Iusto blanditiis ut ut perspiciatis quod saepe.
